request_id,endpoint,region,hour,cache_hit,payload_kb,response_ms,status_code
REQ-0001,/login,US-East,10,False,10.4,236.0,200
REQ-0002,/checkout,EU-West,17,False,18.5,272.5,500
REQ-0003,/checkout,US-East,8,False,14.3,387.5,200
REQ-0004,/search,EU-West,19,False,41.5,216.7,200
REQ-0005,/cart,EU-West,9,False,16.6,180.1,200
REQ-0006,/login,EU-Central,16,True,9.3,145.8,200
REQ-0007,/search,EU-Central,10,False,22.8,166.8,200
REQ-0008,/search,EU-Central,18,True,90.8,231.6,200
REQ-0009,/checkout,EU-West,10,False,10.3,193.9,200
REQ-0010,/cart,EU-Central,16,False,14.7,185.8,200
REQ-0011,/checkout,EU-West,20,False,14.0,217.4,200
REQ-0012,/product,US-East,17,True,89.8,219.6,500
REQ-0013,/search,EU-Central,16,True,46.6,142.3,200
REQ-0014,/login,EU-Central,8,False,6.0,101.0,200
REQ-0015,/search,EU-Central,17,True,27.4,133.1,200
REQ-0016,/search,EU-Central,18,True,41.1,219.6,200
REQ-0017,/product,EU-Central,17,False,80.6,188.4,200
REQ-0018,/login,EU-Central,10,True,17.8,28.0,200
REQ-0019,/product,EU-Central,19,False,195.2,281.4,200
REQ-0020,/product,US-East,19,True,55.7,192.6,200
REQ-0021,/product,EU-Central,14,False,70.1,168.0,200
REQ-0022,/checkout,US-East,11,False,13.4,,200
REQ-0023,/login,EU-West,17,False,5.4,227.0,200
REQ-0024,/search,EU-Central,13,True,38.5,107.7,200
REQ-0025,/product,EU-Central,11,True,108.1,160.6,200
REQ-0026,/login,EU-West,15,False,8.8,182.3,200
REQ-0027,/search,EU-Central,20,False,37.7,211.7,200
REQ-0028,/cart,US-East,13,False,45.8,297.2,200
REQ-0029,/checkout,US-East,18,False,21.9,347.4,200
REQ-0030,/cart,EU-West,9,False,26.3,222.9,200
REQ-0031,/product,EU-Central,15,True,141.8,193.4,200
REQ-0032,/search,US-East,20,True,39.2,273.2,200
REQ-0033,/product,EU-Central,20,False,85.4,159.0,200
REQ-0034,/search,US-East,10,False,55.4,326.3,200
REQ-0035,/cart,EU-Central,16,False,30.6,262.0,200
REQ-0036,/checkout,US-East,19,False,7.1,354.5,200
REQ-0037,/cart,US-East,13,False,35.5,272.8,500
REQ-0038,/product,EU-West,12,False,101.3,220.7,200
REQ-0039,/cart,EU-Central,13,False,20.4,240.4,200
REQ-0040,/product,EU-Central,17,False,97.5,173.7,200
REQ-0041,/product,EU-Central,8,False,107.5,186.1,200
REQ-0042,/product,EU-Central,13,True,118.5,820.8,200
REQ-0043,/search,US-East,16,True,25.3,204.3,200
REQ-0044,/product,EU-West,20,True,99.6,259.5,200
REQ-0045,/product,EU-Central,19,True,63.4,121.5,500
REQ-0046,/cart,EU-West,9,True,40.5,829.5,200
REQ-0047,/search,EU-Central,10,True,43.7,140.0,200
REQ-0048,/product,EU-West,12,True,56.8,182.8,200
REQ-0049,/checkout,EU-West,15,False,18.0,318.2,200
REQ-0050,/search,EU-Central,15,True,76.7,130.6,200
REQ-0051,/product,EU-Central,19,False,60.3,201.3,200
REQ-0052,/login,EU-West,14,False,18.1,148.6,200
REQ-0053,/login,EU-Central,14,False,10.2,136.2,200
REQ-0054,/product,EU-Central,8,False,66.9,223.7,404
REQ-0055,/search,EU-Central,13,True,40.6,141.2,200
REQ-0056,/cart,US-East,18,True,16.4,234.4,200
REQ-0057,/search,EU-West,12,True,18.7,109.1,200
REQ-0058,/login,EU-West,17,False,5.4,158.1,200
REQ-0059,/search,US-East,14,False,39.9,271.4,200
REQ-0060,/login,EU-West,17,False,11.5,189.4,200
REQ-0061,/search,EU-Central,12,False,44.8,198.6,200
REQ-0062,/product,EU-West,20,False,93.7,287.6,200
REQ-0063,/checkout,EU-West,15,True,11.9,189.0,200
REQ-0064,/search,EU-Central,14,False,51.9,216.3,200
REQ-0065,/login,US-East,14,False,8.1,219.0,200
REQ-0066,/product,US-East,10,True,192.2,332.2,200
REQ-0067,/search,EU-West,12,False,29.7,217.0,200
REQ-0068,/product,EU-West,11,True,106.0,240.8,500
REQ-0069,/checkout,EU-West,10,False,22.5,272.7,200
REQ-0070,/login,US-East,15,False,7.7,173.5,200
REQ-0071,/product,EU-Central,18,True,34.9,134.5,200
REQ-0072,/login,EU-Central,20,False,7.5,86.1,200
REQ-0073,/search,EU-Central,10,True,119.6,251.1,200
REQ-0074,/cart,EU-Central,18,True,15.7,157.3,200
REQ-0075,/search,EU-Central,16,True,38.6,231.5,200
REQ-0076,/search,EU-Central,17,True,57.7,191.6,200
REQ-0077,/product,US-East,10,True,37.1,162.4,200
REQ-0078,/login,EU-West,17,False,3.9,171.5,200
REQ-0079,/checkout,US-East,11,False,26.1,410.1,200
REQ-0080,/cart,EU-Central,10,True,15.4,152.5,200
REQ-0081,/login,EU-Central,19,False,10.3,106.1,200
REQ-0082,/cart,US-East,16,False,16.4,275.3,200
REQ-0083,/search,EU-Central,8,True,40.2,154.0,200
REQ-0084,/product,EU-Central,13,False,81.7,165.9,200
REQ-0085,/product,EU-Central,18,True,118.8,239.6,200
REQ-0086,/login,US-East,12,False,7.4,224.5,200
REQ-0087,/search,EU-Central,14,False,37.2,171.7,500
REQ-0088,/search,EU-Central,10,True,22.3,,200
REQ-0089,/login,EU-West,17,False,9.6,142.0,200
REQ-0090,/cart,EU-West,12,False,35.1,203.0,404
REQ-0091,/login,EU-Central,20,False,7.4,109.1,200
REQ-0092,/search,US-East,16,True,33.5,277.0,200
REQ-0093,/login,EU-Central,14,True,7.9,80.1,200
REQ-0094,/cart,EU-West,18,False,36.8,271.1,200
REQ-0095,/cart,EU-West,14,False,17.3,137.3,200
REQ-0096,/search,EU-West,15,True,26.4,226.5,200
REQ-0097,/search,US-East,18,True,36.1,277.3,200
REQ-0098,/cart,US-East,10,True,28.3,226.5,200
REQ-0099,/cart,EU-West,20,False,15.5,209.3,200
REQ-0100,/product,EU-Central,10,True,106.2,154.6,200
REQ-0101,/product,EU-Central,18,True,33.3,174.9,200
REQ-0102,/checkout,EU-Central,17,False,9.5,259.3,200
REQ-0103,/search,US-East,10,False,39.2,243.4,200
REQ-0104,/cart,EU-West,16,True,14.1,139.2,200
REQ-0105,/product,EU-West,14,True,52.7,159.7,200
REQ-0106,/login,EU-West,20,True,6.5,63.9,200
REQ-0107,/search,EU-Central,16,False,42.6,,200
REQ-0108,/checkout,US-East,10,False,15.5,443.8,200
REQ-0109,/search,EU-West,14,True,29.5,86.8,200
REQ-0110,/search,US-East,8,True,31.8,235.4,200
REQ-0111,/checkout,EU-Central,13,False,10.5,238.8,200
REQ-0112,/search,US-East,17,True,37.6,309.4,200
REQ-0113,/product,EU-West,10,False,81.1,232.2,200
REQ-0114,/product,US-East,17,False,81.9,271.3,200
REQ-0115,/cart,US-East,9,False,27.2,257.9,200
REQ-0116,/cart,EU-West,17,True,16.2,166.6,200
REQ-0117,/search,EU-Central,13,False,75.8,229.2,200
REQ-0118,/login,US-East,13,False,5.8,217.0,200
REQ-0119,/search,US-East,18,False,60.4,326.7,200
REQ-0120,/search,EU-West,17,True,31.3,141.5,200
REQ-0121,/product,US-East,17,False,34.5,715.5,500
REQ-0122,/login,EU-Central,12,False,14.9,79.7,200
REQ-0123,/checkout,EU-West,17,False,17.9,320.6,200
REQ-0124,/product,EU-Central,14,True,118.6,196.1,200
REQ-0125,/cart,EU-Central,14,True,23.0,92.9,200
REQ-0126,/checkout,EU-West,9,False,13.8,245.7,200
REQ-0127,/search,EU-Central,14,False,26.0,168.2,200
REQ-0128,/login,EU-Central,12,False,3.6,107.6,200
REQ-0129,/login,EU-West,13,False,17.8,221.4,200
REQ-0130,/login,EU-Central,14,False,5.7,124.2,200
REQ-0131,/search,EU-Central,19,True,52.7,209.8,200
REQ-0132,/checkout,EU-West,19,False,18.9,315.2,200
REQ-0133,/cart,EU-West,17,False,17.6,230.9,200
REQ-0134,/product,US-East,11,True,78.5,224.9,200
REQ-0135,/checkout,EU-West,18,False,17.8,329.2,200
REQ-0136,/product,EU-West,14,True,74.9,122.2,200
REQ-0137,/product,EU-Central,8,True,79.8,139.2,200
REQ-0138,/search,EU-Central,16,False,50.4,194.6,200
REQ-0139,/search,EU-West,17,True,30.8,224.3,200
REQ-0140,/product,EU-Central,17,False,143.0,199.7,200
REQ-0141,/search,US-East,18,True,34.1,316.6,200
REQ-0142,/product,EU-West,12,False,24.9,196.5,200
REQ-0143,/product,EU-West,9,False,59.6,175.4,200
REQ-0144,/login,EU-West,10,False,9.3,202.5,200
REQ-0145,/product,EU-Central,14,True,71.3,183.2,404
REQ-0146,/login,US-East,9,False,10.1,233.4,200
REQ-0147,/search,EU-Central,13,True,24.3,146.7,200
REQ-0148,/search,EU-West,18,False,34.0,251.8,200
REQ-0149,/search,EU-West,9,True,34.2,94.3,200
REQ-0150,/cart,EU-West,15,False,32.6,185.3,200
REQ-0151,/product,EU-West,19,True,45.7,145.7,500
REQ-0152,/login,US-East,8,False,4.7,277.2,200
REQ-0153,/search,EU-Central,10,True,30.6,120.8,200
REQ-0154,/product,EU-West,8,True,76.1,184.3,200
REQ-0155,/search,EU-West,20,True,40.5,192.3,200
REQ-0156,/checkout,EU-Central,10,True,17.5,234.3,200
REQ-0157,/cart,EU-West,12,True,33.4,168.3,200
REQ-0158,/checkout,US-East,12,False,35.1,336.3,200
REQ-0159,/login,EU-Central,12,False,10.1,90.9,200
REQ-0160,/cart,EU-Central,20,False,17.5,148.3,200
REQ-0161,/checkout,EU-West,12,False,25.9,286.3,200
REQ-0162,/login,EU-West,20,False,7.6,188.3,404
REQ-0163,/cart,EU-West,11,False,15.8,148.3,200
REQ-0164,/search,EU-Central,11,False,23.0,195.7,200
REQ-0165,/product,EU-Central,8,False,41.6,229.8,200
REQ-0166,/product,EU-Central,18,True,51.0,168.1,200
REQ-0167,/login,EU-Central,16,True,4.2,97.4,200
REQ-0168,/cart,EU-Central,19,False,33.7,1017.1,500
REQ-0169,/login,EU-West,15,False,6.6,148.8,200
REQ-0170,/search,US-East,18,True,35.9,275.2,200
REQ-0171,/cart,EU-West,8,True,21.5,207.2,200
REQ-0172,/search,US-East,12,False,25.9,250.6,200
REQ-0173,/login,EU-Central,18,False,4.9,149.9,200
REQ-0174,/cart,EU-Central,10,False,20.7,212.5,200
REQ-0175,/search,EU-Central,19,True,28.6,134.0,200
REQ-0176,/cart,EU-West,13,False,54.1,1161.6,500
REQ-0177,/checkout,EU-Central,8,False,12.4,265.9,200
REQ-0178,/product,EU-Central,18,True,90.9,153.1,200
REQ-0179,/search,US-East,19,True,60.1,277.6,200
REQ-0180,/search,EU-West,14,True,50.5,156.5,200
REQ-0181,/login,EU-Central,9,True,12.1,110.3,200
REQ-0182,/search,EU-West,13,True,12.3,161.3,200
REQ-0183,/product,EU-Central,10,True,42.1,71.4,200
REQ-0184,/product,EU-West,15,True,47.4,127.7,200
REQ-0185,/search,EU-West,20,False,31.3,243.7,200
REQ-0186,/cart,EU-Central,16,False,55.5,215.6,200
REQ-0187,/product,EU-Central,8,True,65.8,138.3,200
REQ-0188,/checkout,EU-Central,17,False,30.2,266.4,200
REQ-0189,/search,EU-Central,11,True,25.8,99.2,200
REQ-0190,/product,US-East,11,False,69.3,231.5,200
REQ-0191,/search,EU-West,11,True,53.4,188.1,200
REQ-0192,/search,EU-Central,16,True,24.9,185.4,200
REQ-0193,/product,US-East,17,True,118.2,310.1,200
REQ-0194,/checkout,US-East,17,True,17.9,328.3,200
REQ-0195,/search,EU-Central,9,False,23.8,192.0,200
REQ-0196,/search,EU-Central,19,True,29.2,150.3,404
REQ-0197,/search,EU-Central,13,False,94.3,226.6,200
REQ-0198,/checkout,EU-Central,20,True,23.6,189.5,200
REQ-0199,/product,EU-Central,15,True,46.4,59.6,404
REQ-0200,/cart,EU-Central,20,True,24.4,142.4,200
REQ-0201,/checkout,US-East,8,True,18.2,308.6,200
REQ-0202,/login,EU-Central,8,False,7.4,84.0,200
REQ-0203,/cart,EU-Central,9,False,17.9,196.3,500
REQ-0204,/product,EU-West,9,True,54.1,138.2,200
REQ-0205,/search,EU-West,20,True,35.2,187.9,200
REQ-0206,/search,US-East,8,False,37.4,181.6,200
REQ-0207,/product,US-East,19,True,49.4,213.3,200
REQ-0208,/search,EU-Central,10,False,44.2,186.4,200
REQ-0209,/login,EU-West,18,True,8.8,92.9,200
REQ-0210,/login,EU-Central,16,False,8.0,144.9,200
REQ-0211,/cart,EU-Central,12,False,19.6,191.0,200
REQ-0212,/search,EU-West,13,True,31.1,,200
REQ-0213,/product,EU-West,14,True,180.1,267.7,200
REQ-0214,/cart,EU-Central,8,True,24.2,60.0,200
REQ-0215,/product,EU-Central,18,False,37.9,1075.9,200
REQ-0216,/product,EU-West,10,False,113.3,221.3,200
REQ-0217,/product,US-East,20,True,52.3,232.2,200
REQ-0218,/checkout,EU-Central,17,False,11.5,287.2,200
REQ-0219,/cart,US-East,10,False,23.1,312.1,200
REQ-0220,/product,EU-Central,10,True,157.4,143.0,200
REQ-0221,/product,US-East,11,False,39.4,268.5,404
REQ-0222,/login,EU-Central,10,False,6.2,113.3,200
REQ-0223,/checkout,US-East,17,False,14.5,400.6,200
REQ-0224,/cart,US-East,13,False,25.0,328.9,200
REQ-0225,/product,EU-West,20,False,33.7,193.1,200
REQ-0226,/product,EU-West,13,True,92.9,170.3,200
REQ-0227,/cart,US-East,20,True,26.3,223.8,200
REQ-0228,/product,US-East,9,False,142.1,296.9,200
REQ-0229,/search,EU-West,17,False,72.1,273.6,200
REQ-0230,/search,EU-Central,14,True,40.7,127.8,200
REQ-0231,/login,EU-West,14,False,12.0,87.5,200
REQ-0232,/checkout,US-East,11,False,22.6,415.0,200
REQ-0233,/cart,EU-Central,11,False,9.7,163.2,200
REQ-0234,/cart,EU-Central,9,False,27.6,170.5,200
REQ-0235,/search,EU-Central,9,False,14.6,161.4,200
REQ-0236,/search,EU-West,19,False,29.0,209.8,200
REQ-0237,/cart,US-East,19,False,29.7,295.7,200
REQ-0238,/login,US-East,15,True,4.6,195.1,200
REQ-0239,/login,US-East,12,False,8.4,164.4,200
REQ-0240,/cart,EU-West,11,False,30.2,233.4,200
REQ-0241,/product,EU-Central,10,True,79.6,133.0,200
REQ-0242,/product,EU-Central,19,True,124.2,201.6,200
REQ-0243,/product,US-East,13,True,92.6,229.1,200
REQ-0244,/cart,EU-Central,10,True,24.0,124.4,200
REQ-0245,/cart,EU-West,20,False,14.2,178.2,200
REQ-0246,/checkout,EU-West,16,False,28.1,303.5,200
REQ-0247,/login,EU-Central,12,False,6.2,159.8,200
REQ-0248,/cart,EU-Central,18,False,31.0,243.2,200
REQ-0249,/checkout,EU-West,12,False,12.2,254.9,200
REQ-0250,/product,EU-Central,20,True,165.1,252.5,200
REQ-0251,/product,EU-Central,18,True,59.3,195.2,200
REQ-0252,/checkout,EU-Central,12,False,21.3,333.2,200
REQ-0253,/login,EU-Central,20,False,7.0,171.6,200
REQ-0254,/login,EU-Central,18,False,7.2,212.8,200
REQ-0255,/login,EU-Central,14,False,5.5,86.1,200
REQ-0256,/search,EU-West,18,True,38.9,157.8,200
REQ-0257,/search,US-East,20,False,34.9,303.5,200
REQ-0258,/search,EU-Central,10,True,29.1,176.8,200
REQ-0259,/search,US-East,19,False,32.6,152.0,200
REQ-0260,/login,EU-Central,14,False,6.9,127.0,200
REQ-0261,/cart,EU-Central,17,False,14.8,265.7,200
REQ-0262,/search,EU-Central,19,False,16.2,225.8,200
REQ-0263,/search,US-East,20,True,19.0,234.2,200
REQ-0264,/search,US-East,14,False,48.6,303.7,200
REQ-0265,/product,EU-Central,13,True,54.5,155.6,200
REQ-0266,/checkout,EU-Central,15,False,8.9,235.4,200
REQ-0267,/checkout,EU-West,9,False,34.8,271.6,200
REQ-0268,/search,EU-Central,16,False,26.7,220.9,200
REQ-0269,/search,EU-Central,11,True,62.8,179.4,200
REQ-0270,/checkout,EU-Central,18,False,18.5,318.1,200
REQ-0271,/product,EU-Central,11,False,89.2,171.0,200
REQ-0272,/checkout,EU-Central,9,False,10.8,217.1,200
REQ-0273,/product,EU-Central,20,True,99.3,158.3,200
REQ-0274,/product,EU-Central,11,False,71.3,182.0,200
REQ-0275,/product,EU-West,9,True,50.4,229.2,200
REQ-0276,/cart,EU-Central,18,True,28.8,173.8,200
REQ-0277,/search,EU-Central,16,False,47.0,280.9,200
REQ-0278,/product,EU-Central,10,True,60.7,131.0,200
REQ-0279,/cart,EU-Central,14,False,22.0,196.2,200
REQ-0280,/search,US-East,18,False,56.4,317.4,200
REQ-0281,/search,EU-Central,19,True,34.3,85.1,200
REQ-0282,/cart,EU-Central,10,False,37.2,187.6,200
REQ-0283,/cart,US-East,18,False,13.8,359.6,200
REQ-0284,/cart,EU-Central,18,True,11.6,128.6,200
REQ-0285,/login,EU-West,8,False,8.3,1141.7,200
REQ-0286,/cart,EU-Central,20,False,20.8,157.8,200
REQ-0287,/checkout,EU-Central,16,False,15.6,288.7,200
REQ-0288,/search,EU-West,19,True,24.7,160.0,200
REQ-0289,/search,EU-Central,11,True,26.0,152.1,200
REQ-0290,/search,EU-West,11,False,19.8,189.8,200
REQ-0291,/checkout,EU-West,10,False,19.2,330.0,200
REQ-0292,/product,EU-West,19,True,79.5,150.0,200
REQ-0293,/search,US-East,9,True,47.5,260.4,200
REQ-0294,/product,EU-Central,12,True,58.9,155.7,200
REQ-0295,/login,EU-West,20,False,14.7,181.6,200
REQ-0296,/product,EU-Central,18,True,86.6,190.6,200
REQ-0297,/search,US-East,20,True,24.0,226.8,200
REQ-0298,/search,EU-Central,8,True,38.5,172.4,200
REQ-0299,/checkout,EU-Central,10,False,28.8,252.3,200
REQ-0300,/cart,US-East,19,False,21.2,235.9,200
REQ-0301,/login,EU-West,14,False,22.2,160.3,200
REQ-0302,/search,EU-West,16,True,27.0,176.2,200
REQ-0303,/checkout,EU-Central,9,False,9.0,251.5,404
REQ-0304,/product,EU-Central,13,False,56.3,1092.7,200
REQ-0305,/login,EU-West,9,False,5.8,117.3,200
REQ-0306,/search,US-East,14,True,43.5,255.7,200
REQ-0307,/login,US-East,19,False,4.8,225.1,200
REQ-0308,/product,EU-Central,12,True,88.3,180.8,500
REQ-0309,/checkout,US-East,8,False,23.9,336.6,200
REQ-0310,/login,EU-Central,12,False,9.5,130.8,200
REQ-0311,/product,EU-Central,19,True,36.9,172.3,200
REQ-0312,/checkout,EU-Central,19,False,21.0,,200
REQ-0313,/search,EU-West,19,True,42.0,201.2,200
REQ-0314,/login,EU-Central,20,False,6.1,28.0,200
REQ-0315,/checkout,US-East,20,False,18.2,413.8,500
REQ-0316,/cart,EU-Central,15,False,19.9,,200
REQ-0317,/search,EU-Central,13,False,40.2,222.5,200
REQ-0318,/product,EU-West,14,False,83.6,224.0,200
REQ-0319,/search,EU-West,12,True,39.0,109.8,200
REQ-0320,/checkout,US-East,17,False,15.1,318.7,200
